{"cameraMode":{"drawMode":0,"name":"Shaded","section":"Shading Mode"},"sceneLighting":true,"audioPlay":false,"sceneViewState":{"showFog":true,"showMaterialUpdate":false,"showSkybox":true,"showFlares":true,"showImageEffects":true,"showParticleSystems":true,"showVisualEffectGraphs":true,"m_FxEnabled":true},"in2DMode":false,"pivot":{"x":0.8843557238578796,"y":1.7247960567474366,"z":-1.561352014541626},"rotation":{"x":0.25995445251464846,"y":-0.45872387290000918,"z":0.14235101640224458,"w":0.837696373462677},"size":1.6040881872177125,"orthographic":false}