{"cameraMode":{"drawMode":0,"name":"Shaded","section":"Shading Mode"},"sceneLighting":true,"audioPlay":false,"sceneViewState":{"showFog":true,"showMaterialUpdate":false,"showSkybox":true,"showFlares":true,"showImageEffects":true,"showParticleSystems":true,"showVisualEffectGraphs":true,"m_FxEnabled":true},"in2DMode":false,"pivot":{"x":2.6995179653167726,"y":-3.2088732719421388,"z":18.95598602294922},"rotation":{"x":0.12621289491653443,"y":0.06692814826965332,"z":-0.008526451885700226,"w":0.9896920919418335},"size":10.221936225891114,"orthographic":false}