{"cameraMode":{"drawMode":0,"name":"Shaded","section":"Shading Mode"},"sceneLighting":true,"audioPlay":false,"sceneViewState":{"showFog":true,"showMaterialUpdate":false,"showSkybox":true,"showFlares":true,"showImageEffects":true,"showParticleSystems":true},"in2DMode":false,"pivot":{"x":10.301648139953614,"y":-22.16272735595703,"z":-6.394988536834717},"rotation":{"x":0.4858916997909546,"y":0.3602236211299896,"z":-0.22952575981616975,"w":0.7625648975372315},"size":19.75857925415039,"orthographic":false}