{"cameraMode":{"drawMode":0,"name":"Shaded","section":"Shading Mode"},"sceneLighting":true,"audioPlay":false,"sceneViewState":{"showFog":true,"showMaterialUpdate":false,"showSkybox":true,"showFlares":true,"showImageEffects":true,"showParticleSystems":true},"in2DMode":false,"pivot":{"x":105.62074279785156,"y":-4.867773532867432,"z":-6.936280250549316},"rotation":{"x":-0.3078814446926117,"y":-0.4668007493019104,"z":0.17747953534126283,"w":-0.8098294734954834},"size":9.29721450805664,"orthographic":false}