{"cameraMode":{"drawMode":0,"name":"Shaded","section":"Shading Mode"},"sceneLighting":true,"audioPlay":false,"sceneViewState":{"showFog":true,"showMaterialUpdate":false,"showSkybox":true,"showFlares":true,"showImageEffects":true,"showParticleSystems":true},"in2DMode":false,"pivot":{"x":0.690680980682373,"y":1.2560503482818604,"z":-1.297257900238037},"rotation":{"x":-0.05281240493059158,"y":0.9349059462547302,"z":-0.15741406381130219,"w":-0.31366080045700076},"size":5.407395362854004,"orthographic":false}