{"cameraMode":{"drawMode":0,"name":"Shaded","section":"Shading Mode"},"sceneLighting":true,"audioPlay":false,"sceneViewState":{"showFog":true,"showMaterialUpdate":true,"showSkybox":true,"showFlares":true,"showImageEffects":true,"showParticleSystems":true},"in2DMode":false,"pivot":{"x":24.713241577148439,"y":9.643625259399414,"z":1.410440444946289},"rotation":{"x":0.34041067957878115,"y":0.08119554072618485,"z":-0.029822705313563348,"w":0.9363492131233215},"size":13.83558464050293,"orthographic":false}