{"cameraMode":{"drawMode":0,"name":"Shaded","section":"Shading Mode"},"sceneLighting":true,"audioPlay":false,"sceneViewState":{"showFog":true,"showMaterialUpdate":true,"showSkybox":true,"showFlares":true,"showImageEffects":true,"showParticleSystems":true},"in2DMode":false,"pivot":{"x":-3.1764981746673586,"y":4.618657112121582,"z":-2.364837884902954},"rotation":{"x":-0.07961960136890412,"y":-0.9134017825126648,"z":0.21853823959827424,"w":-0.3343055546283722},"size":0.7025076150894165,"orthographic":false}