{"cameraMode":{"drawMode":0,"name":"Shaded","section":"Shading Mode"},"sceneLighting":true,"audioPlay":false,"sceneViewState":{"showFog":true,"showMaterialUpdate":true,"showSkybox":true,"showFlares":true,"showImageEffects":true,"showParticleSystems":true},"in2DMode":false,"pivot":{"x":4.553315162658691,"y":14.789772987365723,"z":-9.63916015625},"rotation":{"x":0.40528449416160586,"y":-0.12809821963310243,"z":0.05719218775629997,"w":0.9035000801086426},"size":4.12565803527832,"orthographic":false}