{"cameraMode":{"drawMode":0,"name":"Shaded","section":"Shading Mode"},"sceneLighting":true,"audioPlay":false,"sceneViewState":{"showFog":true,"showMaterialUpdate":true,"showSkybox":true,"showFlares":true,"showImageEffects":true,"showParticleSystems":true},"in2DMode":false,"pivot":{"x":0.10268841683864594,"y":0.2906961143016815,"z":-7.034241199493408},"rotation":{"x":0.00396181084215641,"y":0.9917689561843872,"z":-0.033481184393167499,"w":0.12387222051620484},"size":4.849742412567139,"orthographic":false}