{"cameraMode":{"drawMode":0,"name":"Shaded","section":"Shading Mode"},"sceneLighting":true,"audioPlay":false,"sceneViewState":{"showFog":true,"showMaterialUpdate":true,"showSkybox":true,"showFlares":true,"showImageEffects":true,"showParticleSystems":true},"in2DMode":false,"pivot":{"x":1.4332131147384644,"y":1.589640736579895,"z":-8.855029106140137},"rotation":{"x":0.13430897891521455,"y":0.7839953899383545,"z":-0.18268488347530366,"w":0.5779650807380676},"size":4.766025543212891,"orthographic":false}