{"cameraMode":{"drawMode":0,"name":"Shaded","section":"Shading Mode"},"sceneLighting":true,"audioPlay":false,"sceneViewState":{"showFog":true,"showMaterialUpdate":true,"showSkybox":true,"showFlares":true,"showImageEffects":true,"showParticleSystems":true},"in2DMode":false,"pivot":{"x":18.188026428222658,"y":-5.239341735839844,"z":33.79910659790039},"rotation":{"x":-0.23172886669635774,"y":-0.3214741349220276,"z":0.08166491985321045,"w":-0.914548933506012},"size":29.76962661743164,"orthographic":false}