{"cameraMode":{"drawMode":0,"name":"Shaded","section":"Shading Mode"},"sceneLighting":true,"audioPlay":false,"sceneViewState":{"showFog":true,"showMaterialUpdate":true,"showSkybox":true,"showFlares":true,"showImageEffects":true,"showParticleSystems":true},"in2DMode":false,"pivot":{"x":1.5497961044311524,"y":0.031876325607299808,"z":-5.139573097229004},"rotation":{"x":-0.14501813054084779,"y":-0.7571659684181213,"z":0.17996639013290406,"w":-0.6110533475875855},"size":3.632725954055786,"orthographic":false}