{"cameraMode":{"drawMode":0,"name":"Shaded","section":"Shading Mode"},"sceneLighting":false,"audioPlay":false,"sceneViewState":{"showFog":true,"showMaterialUpdate":true,"showSkybox":false,"showFlares":true,"showImageEffects":false,"showParticleSystems":true},"in2DMode":false,"pivot":{"x":-2.086162567138672e-7,"y":0.46881943941116335,"z":-0.02538149058818817},"rotation":{"x":-0.01223088800907135,"y":0.9547770619392395,"z":-0.29452696442604067,"w":-0.039598457515239719},"size":0.5540198683738709,"orthographic":false}