{"cameraMode":{"drawMode":0,"name":"Shaded","section":"Shading Mode"},"sceneLighting":false,"audioPlay":false,"sceneViewState":{"showFog":true,"showMaterialUpdate":false,"showSkybox":false,"showFlares":true,"showImageEffects":true,"showParticleSystems":true},"in2DMode":false,"pivot":{"x":14.918627738952637,"y":-30.5661563873291,"z":28.659013748168947},"rotation":{"x":-0.4755111038684845,"y":-0.14211146533489228,"z":0.07815496623516083,"w":-0.8646348118782044},"size":36.5033073425293,"orthographic":false}