{"cameraMode":{"drawMode":0,"name":"Shaded","section":"Shading Mode"},"sceneLighting":true,"audioPlay":false,"sceneViewState":{"showFog":true,"showMaterialUpdate":false,"showSkybox":true,"showFlares":true,"showImageEffects":true,"showParticleSystems":true},"in2DMode":false,"pivot":{"x":-2.33652663230896,"y":4.735352993011475,"z":-4.33954381942749},"rotation":{"x":0.35509347915649416,"y":0.5833573341369629,"z":-0.3145930767059326,"w":0.659272313117981},"size":1.812400460243225,"orthographic":false}