{"cameraMode":{"drawMode":0,"name":"Shaded","section":"Shading Mode"},"sceneLighting":true,"audioPlay":false,"sceneViewState":{"showFog":true,"showMaterialUpdate":false,"showSkybox":true,"showFlares":true,"showImageEffects":true,"showParticleSystems":true},"in2DMode":false,"pivot":{"x":-0.11550135910511017,"y":2.177839994430542,"z":-0.23173020780086518},"rotation":{"x":0.25792860984802248,"y":0.12683621048927308,"z":-0.03422139212489128,"w":0.9571995139122009},"size":1.7329487800598145,"orthographic":false}