{"cameraMode":{"drawMode":0,"name":"Shaded","section":"Shading Mode"},"sceneLighting":true,"audioPlay":false,"sceneViewState":{"showFog":true,"showMaterialUpdate":true,"showSkybox":true,"showFlares":true,"showImageEffects":false,"showParticleSystems":true},"in2DMode":false,"pivot":{"x":1.209330677986145,"y":1.1920101642608643,"z":-0.16920572519302369},"rotation":{"x":-0.03821467235684395,"y":0.9321340322494507,"z":0.10321623086929321,"w":0.3450638949871063},"size":1.7593789100646973,"orthographic":false}