{"cameraMode":{"drawMode":0,"name":"Shaded","section":"Shading Mode"},"sceneLighting":true,"audioPlay":false,"sceneViewState":{"showFog":true,"showMaterialUpdate":true,"showSkybox":true,"showFlares":true,"showImageEffects":true,"showParticleSystems":true},"in2DMode":false,"pivot":{"x":-6.470139503479004,"y":9.600700378417969,"z":13.016247749328614},"rotation":{"x":-0.09924842417240143,"y":-0.5753144025802612,"z":0.070826955139637,"w":-0.8088833689689636},"size":8.697257041931153,"orthographic":false}