{"cameraMode":{"drawMode":0,"name":"Shaded","section":"Shading Mode"},"sceneLighting":true,"audioPlay":false,"sceneViewState":{"showFog":true,"showMaterialUpdate":true,"showSkybox":true,"showFlares":true,"showImageEffects":true,"showParticleSystems":true},"in2DMode":false,"pivot":{"x":-0.3511342406272888,"y":1.2905303239822388,"z":-4.692134857177734},"rotation":{"x":-0.03059913031756878,"y":0.9580997228622437,"z":-0.2627756595611572,"w":-0.11039777100086212},"size":1.496734380722046,"orthographic":false}