{"cameraMode":{"drawMode":0,"name":"Shaded","section":"Shading Mode"},"sceneLighting":true,"audioPlay":false,"sceneViewState":{"showFog":true,"showMaterialUpdate":true,"showSkybox":true,"showFlares":true,"showImageEffects":true,"showParticleSystems":true},"in2DMode":false,"pivot":{"x":-16.25197410583496,"y":-9.222468376159668,"z":-4.884420394897461},"rotation":{"x":-0.28120431303977969,"y":0.6332492232322693,"z":-0.26501378417015078,"w":-0.6705957055091858},"size":12.137717247009278,"orthographic":false}