{"cameraMode":{"drawMode":0,"name":"Shaded","section":"Shading Mode"},"sceneLighting":false,"audioPlay":false,"sceneViewState":{"showFog":true,"showMaterialUpdate":false,"showSkybox":false,"showFlares":true,"showImageEffects":true,"showParticleSystems":true},"in2DMode":false,"pivot":{"x":-46.405906677246097,"y":-41.76577377319336,"z":-3.4597320556640627},"rotation":{"x":-0.21427582204341889,"y":0.737635612487793,"z":-0.27286574244499209,"w":-0.5792492628097534},"size":36.5033073425293,"orthographic":false}