{"cameraMode":{"drawMode":0,"name":"Shaded","section":"Shading Mode"},"sceneLighting":true,"audioPlay":false,"sceneViewState":{"showFog":true,"showMaterialUpdate":false,"showSkybox":true,"showFlares":true,"showImageEffects":true,"showParticleSystems":true},"in2DMode":false,"pivot":{"x":2.057098388671875,"y":12.24235725402832,"z":3.8922722339630129},"rotation":{"x":0.4445054531097412,"y":0.36278200149536135,"z":-0.20357467234134675,"w":0.7933376431465149},"size":3.7909128665924074,"orthographic":false}