{"cameraMode":{"drawMode":0,"name":"Shaded","section":"Shading Mode"},"sceneLighting":true,"audioPlay":false,"sceneViewState":{"showFog":true,"showMaterialUpdate":false,"showSkybox":true,"showFlares":true,"showImageEffects":true,"showParticleSystems":true},"in2DMode":false,"pivot":{"x":0.02014685608446598,"y":-3.4963173866271974,"z":7.91719913482666},"rotation":{"x":0.4559129774570465,"y":-0.03282546624541283,"z":0.016723711043596269,"w":0.8893154859542847},"size":12.616005897521973,"orthographic":false}