{"cameraMode":{"drawMode":0,"name":"Shaded","section":"Shading Mode"},"sceneLighting":true,"audioPlay":false,"sceneViewState":{"showFog":true,"showMaterialUpdate":true,"showSkybox":false,"showFlares":true,"showImageEffects":true,"showParticleSystems":true},"in2DMode":false,"pivot":{"x":-0.6193768382072449,"y":0.9381218552589417,"z":0.18708156049251557},"rotation":{"x":-0.00037081283517181873,"y":-0.9981562495231628,"z":0.060683779418468478,"w":-0.009652843698859215},"size":0.9497424960136414,"orthographic":false}