{"cameraMode":{"drawMode":0,"name":"Shaded","section":"Shading Mode"},"sceneLighting":true,"audioPlay":false,"sceneViewState":{"showFog":true,"showMaterialUpdate":true,"showSkybox":true,"showFlares":true,"showImageEffects":true,"showParticleSystems":true},"in2DMode":false,"pivot":{"x":-5.234192848205566,"y":-2.642313003540039,"z":2.3530070781707765},"rotation":{"x":0.20289529860019685,"y":-0.4764828383922577,"z":0.11370790004730225,"w":0.8479317426681519},"size":12.528112411499024,"orthographic":false}