{"cameraMode":{"drawMode":0,"name":"Shaded","section":"Shading Mode"},"sceneLighting":true,"audioPlay":false,"sceneViewState":{"showFog":true,"showMaterialUpdate":true,"showSkybox":true,"showFlares":true,"showImageEffects":true,"showParticleSystems":true},"in2DMode":false,"pivot":{"x":-1.341477394104004,"y":1.2270336151123047,"z":2.434237480163574},"rotation":{"x":-0.12082446366548538,"y":-0.7842923402786255,"z":0.16167107224464417,"w":-0.5867292284965515},"size":1.844599723815918,"orthographic":false}