{"cameraMode":{"drawMode":0,"name":"Shaded","section":"Shading Mode"},"sceneLighting":true,"audioPlay":false,"sceneViewState":{"showFog":true,"showMaterialUpdate":true,"showSkybox":true,"showFlares":true,"showImageEffects":false,"showParticleSystems":true},"in2DMode":false,"pivot":{"x":-3.0536773204803469,"y":1.7718592882156373,"z":0.49287673830986025},"rotation":{"x":0.16559916734695435,"y":0.6555912494659424,"z":-0.15056587755680085,"w":0.7212520837783814},"size":0.559378981590271,"orthographic":false}