{"cameraMode":{"drawMode":0,"name":"Shaded","section":"Shading Mode"},"sceneLighting":true,"audioPlay":false,"sceneViewState":{"showFog":true,"showMaterialUpdate":false,"showSkybox":true,"showFlares":true,"showImageEffects":true,"showParticleSystems":true},"in2DMode":false,"pivot":{"x":1.4692111015319825,"y":-2.4777355194091799,"z":3.2393150329589845},"rotation":{"x":-0.49782440066337588,"y":0.3043383061885834,"z":-0.19199903309345246,"w":-0.7891067266464233},"size":20.811874389648439,"orthographic":false}