{"cameraMode":{"drawMode":0,"name":"Shaded","section":"Shading Mode"},"sceneLighting":true,"audioPlay":false,"sceneViewState":{"showFog":true,"showMaterialUpdate":true,"showSkybox":true,"showFlares":true,"showImageEffects":true,"showParticleSystems":true},"in2DMode":false,"pivot":{"x":-3.1666128635406496,"y":1.4450167417526246,"z":9.795465469360352},"rotation":{"x":-0.1486835479736328,"y":0.0073618656024336819,"z":-0.0006826973403804004,"w":-0.9889822006225586},"size":4.541157245635986,"orthographic":false}