{"cameraMode":{"drawMode":0,"name":"Shaded","section":"Shading Mode"},"sceneLighting":true,"audioPlay":false,"sceneViewState":{"showFog":true,"showMaterialUpdate":true,"showSkybox":true,"showFlares":true,"showImageEffects":true,"showParticleSystems":true},"in2DMode":false,"pivot":{"x":-11.78842544555664,"y":-1.6470744609832764,"z":-6.997585296630859},"rotation":{"x":-0.036101505160331729,"y":0.876615047454834,"z":-0.06647724658250809,"w":-0.47528523206710818},"size":7.664761066436768,"orthographic":false}