{"cameraMode":{"drawMode":0,"name":"Shaded","section":"Shading Mode"},"sceneLighting":true,"audioPlay":false,"sceneViewState":{"showFog":true,"showMaterialUpdate":true,"showSkybox":true,"showFlares":true,"showImageEffects":true,"showParticleSystems":true},"in2DMode":false,"pivot":{"x":22.200332641601564,"y":1.4613583087921143,"z":23.95675277709961},"rotation":{"x":0.29757967591285708,"y":0.36605846881866457,"z":-0.1250625103712082,"w":0.8729727268218994},"size":4.590893268585205,"orthographic":false}