{"cameraMode":{"drawMode":0,"name":"Shaded","section":"Shading Mode"},"sceneLighting":false,"audioPlay":false,"sceneViewState":{"showFog":true,"showMaterialUpdate":true,"showSkybox":false,"showFlares":true,"showImageEffects":true,"showParticleSystems":true},"in2DMode":false,"pivot":{"x":-0.7744328379631043,"y":-0.1689024567604065,"z":0.2422652542591095},"rotation":{"x":-0.03241842985153198,"y":0.6206982135772705,"z":-0.025451606139540674,"w":-0.7830536961555481},"size":5.366025924682617,"orthographic":false}