{"cameraMode":{"drawMode":0,"name":"Shaded","section":"Shading Mode"},"sceneLighting":false,"audioPlay":false,"sceneViewState":{"showFog":true,"showMaterialUpdate":true,"showSkybox":false,"showFlares":true,"showImageEffects":false,"showParticleSystems":true},"in2DMode":false,"pivot":{"x":0.0,"y":0.01925693452358246,"z":0.05545678362250328},"rotation":{"x":-0.1200205460190773,"y":0.7783871293067932,"z":-0.15674348175525666,"w":-0.5959863662719727},"size":0.11917217075824738,"orthographic":false}