{"cameraMode":{"drawMode":0,"name":"Shaded","section":"Shading Mode"},"sceneLighting":true,"audioPlay":false,"sceneViewState":{"showFog":true,"showMaterialUpdate":true,"showSkybox":true,"showFlares":true,"showImageEffects":false,"showParticleSystems":true},"in2DMode":false,"pivot":{"x":0.5244107842445374,"y":4.04505729675293,"z":2.561272382736206},"rotation":{"x":-0.01223088800907135,"y":0.9547770619392395,"z":-0.29452696442604067,"w":-0.039598457515239719},"size":2.65937876701355,"orthographic":false}