{"cameraMode":{"drawMode":0,"name":"Shaded","section":"Shading Mode"},"sceneLighting":true,"audioPlay":false,"sceneViewState":{"showFog":true,"showMaterialUpdate":true,"showSkybox":true,"showFlares":true,"showImageEffects":false,"showParticleSystems":true},"in2DMode":false,"pivot":{"x":30.950830459594728,"y":-29.1613712310791,"z":7.4005842208862309},"rotation":{"x":0.2703699767589569,"y":0.6800112724304199,"z":-0.3006157875061035,"w":0.6116945147514343},"size":27.01226234436035,"orthographic":false}