{"cameraMode":{"drawMode":0,"name":"Shaded","section":"Shading Mode"},"sceneLighting":true,"audioPlay":false,"sceneViewState":{"showFog":true,"showMaterialUpdate":true,"showSkybox":true,"showFlares":true,"showImageEffects":true,"showParticleSystems":true},"in2DMode":false,"pivot":{"x":3.3109397888183595,"y":-6.770626544952393,"z":8.461316108703614},"rotation":{"x":0.3327277898788452,"y":0.05075181648135185,"z":-0.018311502411961557,"w":0.9414820075035095},"size":12.137717247009278,"orthographic":false}