{"cameraMode":{"drawMode":0,"name":"Shaded","section":"Shading Mode"},"sceneLighting":true,"audioPlay":false,"sceneViewState":{"showFog":true,"showMaterialUpdate":true,"showSkybox":true,"showFlares":true,"showImageEffects":true,"showParticleSystems":true},"in2DMode":false,"pivot":{"x":44.0980339050293,"y":16.334182739257814,"z":-8.396857261657715},"rotation":{"x":0.49861088395118716,"y":0.0221934225410223,"z":-0.013094449415802956,"w":0.8665663599967957},"size":13.943196296691895,"orthographic":false}