{"cameraMode":{"drawMode":0,"name":"Shaded","section":"Shading Mode"},"sceneLighting":true,"audioPlay":false,"sceneViewState":{"showFog":true,"showMaterialUpdate":true,"showSkybox":true,"showFlares":true,"showImageEffects":true,"showParticleSystems":true},"in2DMode":false,"pivot":{"x":0.013757526874542237,"y":1.1999998092651368,"z":-6.619999885559082},"rotation":{"x":-0.03521503135561943,"y":0.022236501798033716,"z":-0.0005831177695654333,"w":-0.9992022514343262},"size":1.5825074911117554,"orthographic":false}