{"cameraMode":{"drawMode":0,"name":"Shaded","section":"Shading Mode"},"sceneLighting":true,"audioPlay":false,"sceneViewState":{"showFog":true,"showMaterialUpdate":true,"showSkybox":true,"showFlares":true,"showImageEffects":true,"showParticleSystems":true},"in2DMode":false,"pivot":{"x":-4.393357753753662,"y":-7.61386251449585,"z":3.3502755165100099},"rotation":{"x":0.4151785969734192,"y":-0.39536258578300478,"z":0.20667068660259248,"w":0.7929148077964783},"size":5.969466209411621,"orthographic":false}