{"cameraMode":{"drawMode":0,"name":"Shaded","section":"Shading Mode"},"sceneLighting":true,"audioPlay":false,"sceneViewState":{"showFog":true,"showMaterialUpdate":true,"showSkybox":true,"showFlares":true,"showImageEffects":true,"showParticleSystems":true},"in2DMode":false,"pivot":{"x":4.459163188934326,"y":2.3939290046691896,"z":3.9900736808776857},"rotation":{"x":0.11088010668754578,"y":0.10112863779067993,"z":-0.011699781753122807,"w":0.9886082410812378},"size":3.1405272483825685,"orthographic":false}