{"cameraMode":{"drawMode":0,"name":"Shaded","section":"Shading Mode"},"sceneLighting":true,"audioPlay":false,"sceneViewState":{"showFog":true,"showMaterialUpdate":true,"showSkybox":true,"showFlares":true,"showImageEffects":true,"showParticleSystems":true},"in2DMode":false,"pivot":{"x":1.1831077337265015,"y":2.276749849319458,"z":-7.379528522491455},"rotation":{"x":0.0019149386789649726,"y":-0.994009792804718,"z":-0.014157349243760109,"w":-0.10945425182580948},"size":2.050257921218872,"orthographic":false}